,Client_ID,Scenario,DataVolume(Samples),FeatureCount,Local_Accuracy(%),Train_Time(s),Latency(ms),C_p,BW,Weights_Path,Label0,Label1,Label2,Label3,Label4,Label5,Label6,Label7,Label8,Label9,Quality_Factor,Mean_Quality_Factor(%),Reliability_Score
0,1,IID,3980,784,83.02,3.003237724304199,3003.237724304199,0.332973974023879,5901.6949152542375,/content/drive/MyDrive/mlaas_weights100_fmnist/client_1_local.npz,398,398,398,398,398,398,398,398,398,398,"[83.02000164985657, 83.02000164985657, 83.02000164985657, 80.82914352416992, 83.02000164985657]",82.58183002471924,0.2
1,2,IID,2720,784,80.22,2.8065383434295654,2806.5383434295654,0.3563108276575365,5120.588235294118,/content/drive/MyDrive/mlaas_weights100_fmnist/client_2_local.npz,272,272,272,272,272,272,272,272,272,272,"[80.22000193595886, 77.02205777168274, 79.63235378265381, 80.22000193595886, 80.22000193595886]",79.46288347244263,0.4
2,3,IID,3970,784,82.02,2.9093873500823975,2909.3873500823975,0.3437149748972679,4220.606060606061,/content/drive/MyDrive/mlaas_weights100_fmnist/client_3_local.npz,397,397,397,397,397,397,397,397,397,397,"[67.12846159934998, 82.02000260353088, 78.76574397087097, 80.07556796073914, 82.69521594047546]",78.13699841499329,0.8
3,4,IID,1370,784,74.12,2.632246494293213,2632.246494293213,0.37990363066985905,5901.6949152542375,/content/drive/MyDrive/mlaas_weights100_fmnist/client_4_local.npz,137,137,137,137,137,137,137,137,137,137,"[66.64233803749084, 74.11999702453613, 74.11999702453613, 79.34306859970093, 81.38686418533325]",75.12245297431946,0.6
4,5,IID,1290,784,78.55,2.5378267765045166,2537.8267765045166,0.3940379261729412,5876.793248945148,/content/drive/MyDrive/mlaas_weights100_fmnist/client_5_local.npz,129,129,129,129,129,129,129,129,129,129,"[67.28681921958923, 78.54999899864197, 78.54999899864197, 81.7829430103302, 83.79845023155212]",77.9936420917511,0.6
5,6,IID,1680,784,76.78,2.5956814289093018,2595.6814289093018,0.38525528936738485,5779.253112033195,/content/drive/MyDrive/mlaas_weights100_fmnist/client_6_local.npz,168,168,168,168,168,168,168,168,168,168,"[66.54762029647827, 76.7799973487854, 79.16666865348816, 80.47618865966797, 76.7799973487854]",75.95009446144104,0.6
6,7,IID,1450,784,78.09,2.5674126148223877,2567.4126148223877,0.38949719037240904,5952.136752136752,/content/drive/MyDrive/mlaas_weights100_fmnist/client_7_local.npz,145,145,145,145,145,145,145,145,145,145,"[67.58620738983154, 77.65517234802246, 80.06896376609802, 78.09000015258789, 82.89655447006226]",77.25937962532043,0.8
7,8,IID,1190,784,72.77,2.602365732192993,2602.365732192993,0.38426574237023475,4285.538461538462,/content/drive/MyDrive/mlaas_weights100_fmnist/client_8_local.npz,119,119,119,119,119,119,119,119,119,119,"[67.64705777168274, 72.76999950408936, 79.49579954147339, 72.76999950408936, 72.76999950408936]",73.09057116508484,0.4
8,9,IID,3440,784,82.67,2.917917490005493,2917.917490005493,0.34271017032702916,5827.615062761506,/content/drive/MyDrive/mlaas_weights100_fmnist/client_9_local.npz,344,344,344,344,344,344,344,344,344,344,"[82.669997215271, 77.06395387649536, 79.09883856773376, 80.08720874786377, 82.7616274356842]",80.33632516860962,0.8
9,10,IID,1040,784,77.25,2.515554904937744,2515.554904937744,0.39752660458219985,5419.455252918288,/content/drive/MyDrive/mlaas_weights100_fmnist/client_10_local.npz,104,104,104,104,104,104,104,104,104,104,"[67.0192301273346, 75.09615421295166, 77.24999785423279, 77.24999785423279, 77.24999785423279]",74.77307558059692,0.4
10,11,IID,1430,784,77.63,2.638927936553955,2638.927936553955,0.3789417612160529,5901.6949152542375,/content/drive/MyDrive/mlaas_weights100_fmnist/client_11_local.npz,143,143,143,143,143,143,143,143,143,143,"[69.44056153297424, 78.25174927711487, 77.63000130653381, 81.18880987167358, 77.63000130653381]",76.82822465896606,0.6
11,12,IID,3990,784,79.26,3.0108344554901123,3010.8344554901123,0.33213383690908277,5708.196721311476,/content/drive/MyDrive/mlaas_weights100_fmnist/client_12_local.npz,399,399,399,399,399,399,399,399,399,399,"[67.76942610740662, 79.25999760627747, 79.44862246513367, 79.25999760627747, 79.25999760627747]",76.99960827827454,0.4
12,13,IID,2430,784,80.29,3.1261074542999268,3126.1074542999268,0.31988663685392865,4259.327217125382,/content/drive/MyDrive/mlaas_weights100_fmnist/client_13_local.npz,243,243,243,243,243,243,243,243,243,243,"[80.29000163078308, 77.73662805557251, 79.91769313812256, 80.29000163078308, 82.18107223510742]",80.08307933807373,0.6
13,14,IID,1140,784,76.25,2.577284812927246,2577.284812927246,0.388005235193317,5926.808510638298,/content/drive/MyDrive/mlaas_weights100_fmnist/client_14_local.npz,114,114,114,114,114,114,114,114,114,114,"[67.8947389125824, 77.10526585578918, 79.64912056922913, 80.7894766330719, 76.2499988079071]",76.33772015571594,0.8
14,15,IID,1840,784,79.39,2.6133873462677,2613.3873462677,0.38264515263232846,5755.371900826446,/content/drive/MyDrive/mlaas_weights100_fmnist/client_15_local.npz,184,184,184,184,184,184,184,184,184,184,"[69.7282612323761, 78.53260636329651, 79.39000129699707, 79.39000129699707, 83.2065224647522]",78.04947853088379,0.6
15,16,IID,2240,784,80.46,1.9753217697143555,1975.3217697143555,0.506246635526427,3890.5027932960893,/content/drive/MyDrive/mlaas_weights100_fmnist/client_16_local.npz,224,224,224,224,224,224,224,224,224,224,"[68.16964149475098, 80.46000003814697, 79.3749988079071, 80.46000003814697, 82.58928656578064]",78.21078538894653,0.6
16,17,IID,990,784,75.0,2.6019041538238525,2601.9041538238525,0.3843339111974451,5852.100840336135,/content/drive/MyDrive/mlaas_weights100_fmnist/client_17_local.npz,99,99,99,99,99,99,99,99,99,99,"[66.36363863945007, 75.0, 79.09091114997864, 79.19191718101501, 81.51515126228333]",76.23232364654541,0.8
17,18,IID,2030,784,78.94,5.800628662109375,5800.628662109375,0.17239510719452847,5901.6949152542375,/content/drive/MyDrive/mlaas_weights100_fmnist/client_18_local.npz,203,203,203,203,203,203,203,203,203,203,"[67.73399114608765, 77.29064226150513, 79.70443367958069, 78.93999814987183, 78.93999814987183]",76.52181267738342,0.6
18,19,IID,2980,784,80.4,3.0572011470794678,3057.201147079468,0.3270965670529386,17630.379746835442,/content/drive/MyDrive/mlaas_weights100_fmnist/client_19_local.npz,298,298,298,298,298,298,298,298,298,298,"[67.78523325920105, 80.40000200271606, 79.39597368240356, 80.40000200271606, 80.40000200271606]",77.67624258995056,0.4
19,20,IID,2560,784,79.18,2.07914400100708,2079.14400100708,0.4809671670243271,5876.793248945148,/content/drive/MyDrive/mlaas_weights100_fmnist/client_20_local.npz,256,256,256,256,256,256,256,256,256,256,"[79.18000221252441, 77.10937261581421, 79.18000221252441, 80.7421863079071, 82.26562738418579]",79.69543814659119,0.6
20,21,IID,3010,784,80.44,2.8792684078216553,2879.2684078216553,0.3473104477802269,3734.048257372654,/content/drive/MyDrive/mlaas_weights100_fmnist/client_21_local.npz,301,301,301,301,301,301,301,301,301,301,"[68.80398392677307, 77.70764231681824, 79.96677756309509, 80.29900193214417, 82.9900324344635]",77.95348763465881,1.0
21,22,IID,3940,784,81.2,3.0805444717407227,3080.5444717407227,0.32461793983935905,5593.574297188755,/content/drive/MyDrive/mlaas_weights100_fmnist/client_22_local.npz,394,394,394,394,394,394,394,394,394,394,"[68.324875831604, 81.19999766349792, 81.19999766349792, 80.40609359741211, 82.81725645065308]",78.78964424133301,0.6
22,23,IID,1500,784,79.01,2.7684333324432373,2768.4333324432373,0.36121512780568416,3847.513812154696,/content/drive/MyDrive/mlaas_weights100_fmnist/client_23_local.npz,150,150,150,150,150,150,150,150,150,150,"[67.5333321094513, 78.1333327293396, 79.00999784469604, 79.00999784469604, 79.00999784469604]",76.5393316745758,0.4
23,24,IID,1080,784,77.88,2.900581121444702,2900.581121444702,0.34475850118679896,5377.606177606178,/content/drive/MyDrive/mlaas_weights100_fmnist/client_24_local.npz,108,108,108,108,108,108,108,108,108,108,"[77.88000106811523, 77.68518328666687, 77.88000106811523, 77.88000106811523, 77.88000106811523]",77.84103751182556,0.2
24,25,IID,3320,784,81.59,3.065567970275879,3065.567970275879,0.3262038257497867,4084.457478005865,/content/drive/MyDrive/mlaas_weights100_fmnist/client_25_local.npz,332,332,332,332,332,332,332,332,332,332,"[81.59000277519226, 76.53614282608032, 79.33734655380249, 80.09036183357239, 81.59000277519226]",79.82877135276794,0.6
25,26,IID,1020,784,75.12,2.575549364089966,2575.549364089966,0.38826667970052126,5827.615062761506,/content/drive/MyDrive/mlaas_weights100_fmnist/client_26_local.npz,102,102,102,102,102,102,102,102,102,102,"[75.1200020313263, 75.1200020313263, 80.09803891181946, 80.09803891181946, 82.45097994804382]",78.57741236686707,0.6
26,27,IID,1800,784,79.18,2.67323899269104,2673.23899269104,0.37407803893857655,4272.39263803681,/content/drive/MyDrive/mlaas_weights100_fmnist/client_27_local.npz,180,180,180,180,180,180,180,180,180,180,"[79.18000221252441, 79.18000221252441, 79.18000221252441, 79.18000221252441, 82.7222228050232]",79.88844633102417,0.2
27,28,IID,3430,784,82.2,2.9747607707977295,2974.7607707977295,0.3361614855946329,5461.9607843137255,/content/drive/MyDrive/mlaas_weights100_fmnist/client_28_local.npz,343,343,343,343,343,343,343,343,343,343,"[68.01749467849731, 76.99708342552185, 79.00874614715576, 82.20000267028809, 82.09912776947021]",77.66449093818665,0.8
28,29,IID,3920,784,82.35,3.0230722427368164,3023.0722427368164,0.3307893162006246,5852.100840336135,/content/drive/MyDrive/mlaas_weights100_fmnist/client_29_local.npz,392,392,392,392,392,392,392,392,392,392,"[82.34999775886536, 77.67857313156128, 82.34999775886536, 80.56122660636902, 82.95918107032776]",81.17979526519775,0.6
29,30,IID,3210,784,82.15,2.8357269763946533,2835.7269763946533,0.3526432580866446,5731.6872427983535,/content/drive/MyDrive/mlaas_weights100_fmnist/client_30_local.npz,321,321,321,321,321,321,321,321,321,321,"[67.91277527809143, 82.15000033378601, 79.65732216835022, 80.34268021583557, 82.15000033378601]",78.44255566596985,0.6
30,31,IID,1110,784,75.9,2.545130491256714,2545.130491256714,0.39290716269177545,5236.090225563909,/content/drive/MyDrive/mlaas_weights100_fmnist/client_31_local.npz,111,111,111,111,111,111,111,111,111,111,"[68.73874068260193, 75.58558583259583, 78.01801562309265, 79.36937212944031, 75.90000033378601]",75.52234292030334,0.8
31,32,IID,2740,784,81.45,2.8009541034698486,2800.9541034698486,0.35702120172593704,5779.253112033195,/content/drive/MyDrive/mlaas_weights100_fmnist/client_32_local.npz,274,274,274,274,274,274,274,274,274,274,"[67.95620322227478, 77.15328335762024, 79.16058301925659, 81.44999742507935, 81.44999742507935]",77.43401288986206,0.6
32,33,IID,1240,784,77.63,2.615776777267456,2615.776777267456,0.38229561814698865,5876.793248945148,/content/drive/MyDrive/mlaas_weights100_fmnist/client_33_local.npz,124,124,124,124,124,124,124,124,124,124,"[68.22580695152283, 77.63000130653381, 77.63000130653381, 80.64516186714172, 82.98386931419373]",77.42296814918518,0.6
33,34,IID,3510,784,82.39,2.9174680709838867,2917.4680709838867,0.3427629628394734,5505.138339920949,/content/drive/MyDrive/mlaas_weights100_fmnist/client_34_local.npz,351,351,351,351,351,351,351,351,351,351,"[82.38999843597412, 76.52421593666077, 79.00285124778748, 79.74358797073364, 82.33618140220642]",79.99936699867249,0.8
34,35,IID,2620,784,78.1,2.8331704139709473,2833.1704139709473,0.3529614720910517,5876.793248945148,/content/drive/MyDrive/mlaas_weights100_fmnist/client_35_local.npz,262,262,262,262,262,262,262,262,262,262,"[78.1000018119812, 76.7175555229187, 78.1000018119812, 80.03816604614258, 78.1000018119812]",78.21114540100098,0.4
35,36,IID,1240,784,78.74,2.5829122066497803,2582.9122066497803,0.3871598877520776,5461.9607843137255,/content/drive/MyDrive/mlaas_weights100_fmnist/client_36_local.npz,124,124,124,124,124,124,124,124,124,124,"[70.24193406105042, 79.03226017951965, 80.32258152961731, 81.61290287971497, 78.74000072479248]",77.98993587493896,0.8
36,37,IID,3930,784,79.45,3.019918203353882,3019.918203353882,0.3311347965946273,6003.448275862069,/content/drive/MyDrive/mlaas_weights100_fmnist/client_37_local.npz,393,393,393,393,393,393,393,393,393,393,"[79.44999933242798, 77.15012431144714, 79.44020628929138, 80.33078908920288, 82.21374154090881]",79.71697211265564,0.8
37,38,IID,3340,784,80.2,2.9423224925994873,2942.3224925994873,0.33986757145594826,5803.333333333333,/content/drive/MyDrive/mlaas_weights100_fmnist/client_38_local.npz,334,334,334,334,334,334,334,334,334,334,"[80.19999861717224, 80.19999861717224, 79.22155857086182, 80.19999861717224, 82.2455108165741]",80.41341304779053,0.4
38,39,IID,3140,784,78.8,2.8515450954437256,2851.5450954437256,0.35068707193087234,5316.030534351145,/content/drive/MyDrive/mlaas_weights100_fmnist/client_39_local.npz,314,314,314,314,314,314,314,314,314,314,"[68.56687664985657, 77.5159239768982, 79.93630766868591, 78.79999876022339, 78.79999876022339]",76.72382116317749,0.6
39,40,IID,3410,784,80.99,3.109936237335205,3109.936237335205,0.32155000092762825,5803.333333333333,/content/drive/MyDrive/mlaas_weights100_fmnist/client_40_local.npz,341,341,341,341,341,341,341,341,341,341,"[67.24340319633484, 80.98999857902527, 80.98999857902527, 80.98999857902527, 82.49266743659973]",78.54121327400208,0.4
40,41,NonIID,892,784,72.13,2.520756244659424,2520.756244659424,0.3967063464064169,5755.371900826446,/content/drive/MyDrive/mlaas_weights100_fmnist/client_41_local.npz,127,167,38,70,150,98,59,25,138,20,"[72.13000059127808, 72.13000059127808, 82.28699564933777, 72.13000059127808, 83.4080696105957]",76.41701340675354,0.4
41,42,NonIID,2039,784,49.8,3.0907235145568848,3090.7235145568848,0.32354883744538676,5593.574297188755,/content/drive/MyDrive/mlaas_weights100_fmnist/client_42_local.npz,225,6,203,134,964,278,18,191,12,8,"[49.799999594688416, 49.799999594688416, 81.65767788887024, 49.799999594688416, 82.49141573905945]",62.70981848239899,0.4
42,43,NonIID,1590,784,76.93,2.6325454711914062,2632.5454711914062,0.3798604852008242,4721.35593220339,/content/drive/MyDrive/mlaas_weights100_fmnist/client_43_local.npz,183,80,93,119,546,26,121,171,135,116,"[55.47170042991638, 73.01886677742004, 79.87421154975891, 81.38364553451538, 81.63521885871887]",74.27672863006592,1.0
43,44,NonIID,2392,784,65.08,2.7591285705566406,2759.1285705566406,0.36243327356008453,4157.611940298508,/content/drive/MyDrive/mlaas_weights100_fmnist/client_44_local.npz,37,188,1083,1,412,80,15,161,56,359,"[65.07999897003174, 65.07999897003174, 65.07999897003174, 79.09699082374573, 79.76588606834412]",70.82057476043701,0.4
44,45,NonIID,3629,784,75.78,2.924006938934326,2924.006938934326,0.3419964524312848,5977.682403433477,/content/drive/MyDrive/mlaas_weights100_fmnist/client_45_local.npz,407,84,275,925,88,556,17,1077,125,75,"[80.90382814407349, 75.77999830245972, 85.17497777938843, 85.533207654953, 87.35188841819763]",82.94878005981445,0.8
45,46,NonIID,2268,784,62.79,2.745159149169922,2745.159149169922,0.36427760492588523,5876.793248945148,/content/drive/MyDrive/mlaas_weights100_fmnist/client_46_local.npz,58,91,800,176,68,7,64,362,213,429,"[79.27689552307129, 62.790000438690186, 78.26278805732727, 79.32098507881165, 81.92239999771118]",76.31461381912231,0.8
46,47,NonIID,1423,784,59.43,2.8329126834869385,2832.9126834869385,0.3529935835400098,5755.371900826446,/content/drive/MyDrive/mlaas_weights100_fmnist/client_47_local.npz,64,308,40,26,115,64,320,184,296,6,"[61.9817316532135, 59.42999720573425, 59.42999720573425, 76.03654265403748, 80.46380877494812]",67.46841549873352,0.6
47,48,NonIID,1839,784,67.32,2.670090436935425,2670.090436935425,0.3745191496763466,5901.6949152542375,/content/drive/MyDrive/mlaas_weights100_fmnist/client_48_local.npz,36,102,184,69,478,214,161,12,359,224,"[58.12941789627075, 67.3200011253357, 67.3200011253357, 82.97988176345825, 82.87112712860107]",71.7240858078003,0.6
48,49,NonIID,3290,784,77.05,2.9233250617980957,2923.3250617980957,0.34207622445685676,5952.136752136752,/content/drive/MyDrive/mlaas_weights100_fmnist/client_49_local.npz,196,1416,145,304,364,105,67,131,204,358,"[77.05000042915344, 86.77811622619629, 88.96656632423401, 90.03039598464966, 77.05000042915344]",83.97501587867737,0.6
49,50,NonIID,3074,784,78.13,2.74003005027771,2740.03005027771,0.3649595010458543,5803.333333333333,/content/drive/MyDrive/mlaas_weights100_fmnist/client_50_local.npz,95,254,375,253,537,574,344,191,118,333,"[78.13000082969666, 78.13000082969666, 78.13000082969666, 78.75732183456421, 81.06701374053955]",78.84286761283875,0.4
50,51,NonIID,3868,784,70.08,3.006542921066284,3006.542921066284,0.33260792420197527,4272.39263803681,/content/drive/MyDrive/mlaas_weights100_fmnist/client_51_local.npz,77,461,202,244,78,151,840,1200,228,387,"[70.08000016212463, 72.95759916305542, 74.40537810325623, 70.08000016212463, 79.0589451789856]",73.3163845539093,0.6
51,52,NonIID,3470,784,79.3,2.895998239517212,2895.998239517212,0.3453040773141867,5461.9607843137255,/content/drive/MyDrive/mlaas_weights100_fmnist/client_52_local.npz,249,272,484,508,188,237,327,284,241,680,"[79.29999828338623, 78.12680006027222, 79.19308543205261, 79.29999828338623, 83.1123948097229]",79.80645537376404,0.6
52,53,NonIID,1831,784,64.36,2.6120638847351074,2612.0638847351074,0.38283902849543483,5684.897959183673,/content/drive/MyDrive/mlaas_weights100_fmnist/client_53_local.npz,21,141,50,10,140,296,174,205,560,234,"[71.05407118797302, 64.35999870300293, 84.65319275856018, 85.63626408576965, 64.35999870300293]",74.01270508766174,0.6
53,54,NonIID,2106,784,72.55,2.7142221927642822,2714.222192764282,0.3684296748681273,5876.793248945148,/content/drive/MyDrive/mlaas_weights100_fmnist/client_54_local.npz,34,273,161,143,550,145,129,434,41,196,"[72.54999876022339, 76.02089047431946, 80.05697727203369, 81.57644867897034, 82.09876418113708]",78.46061587333679,0.8
54,55,NonIID,1921,784,73.52,2.7136387825012207,2713.6387825012207,0.3685088842510859,5779.253112033195,/content/drive/MyDrive/mlaas_weights100_fmnist/client_55_local.npz,241,127,227,127,127,150,25,154,120,623,"[78.91722917556763, 82.50911235809326, 73.51999878883362, 73.51999878883362, 86.46538257598877]",78.98634433746338,0.6
55,56,NonIID,3269,784,72.21,3.049424171447754,3049.424171447754,0.3279307645565218,5926.808510638298,/content/drive/MyDrive/mlaas_weights100_fmnist/client_56_local.npz,554,157,587,6,757,176,169,393,204,266,"[63.10798525810242, 72.2100019454956, 72.2100019454956, 72.2100019454956, 81.18690848350525]",72.1849799156189,0.4
56,57,NonIID,2216,784,70.2,2.689980983734131,2689.980983734131,0.37174983988616805,6055.652173913043,/content/drive/MyDrive/mlaas_weights100_fmnist/client_57_local.npz,256,159,7,423,156,72,127,838,40,138,"[70.20000219345093, 78.83573770523071, 82.6714813709259, 70.20000219345093, 84.83754396438599]",77.34895348548889,0.6
57,58,NonIID,1844,784,64.03,2.6744203567504883,2674.4203567504883,0.3739127985157255,5926.808510638298,/content/drive/MyDrive/mlaas_weights100_fmnist/client_58_local.npz,146,148,362,266,18,458,18,15,331,82,"[77.27765440940857, 81.94143176078796, 82.32104182243347, 84.05640125274658, 85.19522547721863]",82.15835094451904,1.0
58,59,NonIID,1072,784,61.81,2.5301778316497803,2530.1778316497803,0.39522913666031084,5461.9607843137255,/content/drive/MyDrive/mlaas_weights100_fmnist/client_59_local.npz,192,78,10,6,357,104,0,151,25,149,"[61.809998750686646, 77.9850721359253, 85.16790866851807, 87.59328126907349, 85.91417670249939]",79.69408750534058,0.8
59,60,NonIID,948,784,48.77,2.4888432025909424,2488.8432025909424,0.40179308964059174,4869.93006993007,/content/drive/MyDrive/mlaas_weights100_fmnist/client_60_local.npz,123,0,1,103,0,0,19,168,68,466,"[85.86497902870178, 48.76999855041504, 87.13080286979675, 48.76999855041504, 88.81856799125671]",71.87086939811707,0.6
60,61,NonIID,2440,784,66.05,2.7367360591888428,2736.736059188843,0.36539877371162927,5977.682403433477,/content/drive/MyDrive/mlaas_weights100_fmnist/client_61_local.npz,0,471,404,686,97,58,173,2,476,73,"[66.04999899864197, 80.86065649986267, 81.3524603843689, 81.68032765388489, 84.63114500045776]",78.91491770744324,0.8
61,62,NonIID,3486,784,76.2,2.974170684814453,2974.170684814453,0.33622818122235176,5440.625,/content/drive/MyDrive/mlaas_weights100_fmnist/client_62_local.npz,171,357,617,61,296,441,344,332,548,319,"[68.24440360069275, 76.2000024318695, 76.2000024318695, 79.89099025726318, 82.4440598487854]",76.59589171409607,0.6
62,63,NonIID,1276,784,72.2,2.525075674057007,2525.075674057007,0.3960277350394465,6029.43722943723,/content/drive/MyDrive/mlaas_weights100_fmnist/client_63_local.npz,261,35,182,62,399,17,18,118,94,90,"[72.2000002861023, 76.88087821006775, 82.91535973548889, 85.03134846687317, 84.01253819465637]",80.2080249786377,0.8
63,64,NonIID,1632,784,70.63,2.5979998111724854,2597.9998111724854,0.3849114983379067,5926.808510638298,/content/drive/MyDrive/mlaas_weights100_fmnist/client_64_local.npz,140,345,217,282,58,18,272,75,147,78,"[68.75, 74.8774528503418, 76.53186321258545, 76.28676295280457, 70.63000202178955]",73.41521620750427,0.8
64,65,NonIID,1158,784,73.8,2.4940216541290283,2494.0216541290283,0.40095882822205237,6190.222222222223,/content/drive/MyDrive/mlaas_weights100_fmnist/client_65_local.npz,120,194,76,192,123,56,121,121,97,58,"[67.61658191680908, 73.7999975681305, 73.7999975681305, 73.7999975681305, 81.60621523857117]",74.12455797195435,0.4
65,66,NonIID,3579,784,80.49,3.164161205291748,3164.161205291748,0.3160395236271776,3979.4285714285716,/content/drive/MyDrive/mlaas_weights100_fmnist/client_66_local.npz,282,145,313,394,821,347,242,478,174,383,"[80.48999905586243, 75.97094178199768, 80.48999905586243, 81.86644315719604, 80.48999905586243]",79.8614764213562,0.4
66,67,NonIID,2036,784,78.14,2.742924451828003,2742.924451828003,0.3645743867766963,6108.771929824561,/content/drive/MyDrive/mlaas_weights100_fmnist/client_67_local.npz,228,311,142,200,176,225,26,163,313,252,"[78.14000248908997, 84.57760214805603, 78.14000248908997, 88.11395168304443, 88.21218013763428]",83.43674778938293,0.6
67,68,NonIID,1984,784,69.31,1.9105844497680664,1910.5844497680664,0.5234000518121008,22464.516129032258,/content/drive/MyDrive/mlaas_weights100_fmnist/client_68_local.npz,24,157,193,68,167,207,437,131,350,250,"[69.30999755859375, 72.98387289047241, 69.30999755859375, 74.79838728904724, 79.08266186714172]",73.09698343276978,0.6
68,69,NonIID,1618,784,73.12,2.5860111713409424,2586.0111713409424,0.3866959319752138,6135.68281938326,/content/drive/MyDrive/mlaas_weights100_fmnist/client_69_local.npz,57,106,175,237,264,38,258,104,54,325,"[73.11999797821045, 73.23856353759766, 73.11999797821045, 77.19406485557556, 79.29542660713196]",75.19361019134521,0.6
69,70,NonIID,2899,784,77.07,2.8399298191070557,2839.9298191070557,0.35212137753264083,6135.68281938326,/content/drive/MyDrive/mlaas_weights100_fmnist/client_70_local.npz,299,254,49,214,389,335,414,409,321,215,"[77.06999778747559, 77.06999778747559, 80.26905655860901, 80.54501414299011, 82.75267481803894]",79.54134821891785,0.6
70,71,NonIID,884,784,65.49,2.502202033996582,2502.202033996582,0.39964798462048007,5952.136752136752,/content/drive/MyDrive/mlaas_weights100_fmnist/client_71_local.npz,113,119,192,115,30,117,46,31,62,59,"[76.35746598243713, 80.54298758506775, 65.49000144004822, 83.25791954994202, 85.74660420417786]",78.2789957523346,0.8
71,72,NonIID,2954,784,76.29,2.765580892562866,2765.580892562866,0.3615876876677793,6055.652173913043,/content/drive/MyDrive/mlaas_weights100_fmnist/client_72_local.npz,116,409,314,81,253,653,438,141,119,430,"[62.42383122444153, 76.74340009689331, 77.96208262443542, 76.28999948501587, 81.61814212799072]",75.00749111175537,0.8
72,73,NonIID,1399,784,66.58,2.593661308288574,2593.661308288574,0.38555535250662676,5977.682403433477,/content/drive/MyDrive/mlaas_weights100_fmnist/client_73_local.npz,215,9,226,49,42,125,78,64,467,124,"[78.4846305847168, 80.5575430393219, 81.84417486190796, 66.57999753952026, 84.131520986557]",78.31957340240479,0.8
73,74,NonIID,892,784,75.03,2.4729692935943604,2472.9692935943604,0.4043721863390146,6108.771929824561,/content/drive/MyDrive/mlaas_weights100_fmnist/client_74_local.npz,70,57,89,193,93,63,85,115,102,25,"[67.82511472702026, 75.02999901771545, 75.02999901771545, 79.93273735046387, 82.73542523384094]",76.1106550693512,0.6
74,75,NonIID,3636,784,79.27,2.919222116470337,2919.222116470337,0.3425570100877116,6003.448275862069,/content/drive/MyDrive/mlaas_weights100_fmnist/client_75_local.npz,354,170,192,750,171,363,655,420,420,141,"[65.42904376983643, 74.03740286827087, 79.26999926567078, 79.26999926567078, 79.89549040794373]",75.58038711547852,0.6
75,76,NonIID,1319,784,68.16,2.5526816844940186,2552.6816844940186,0.3917448877681808,6003.448275862069,/content/drive/MyDrive/mlaas_weights100_fmnist/client_76_local.npz,9,110,136,119,15,218,150,259,144,159,"[68.15999746322632, 68.15999746322632, 68.15999746322632, 68.15999746322632, 68.15999746322632]",68.15999746322632,0.0
76,77,NonIID,3313,784,80.15,2.8848025798797607,2884.8025798797607,0.3466441714155983,5275.757575757576,/content/drive/MyDrive/mlaas_weights100_fmnist/client_77_local.npz,191,428,308,212,354,382,509,399,265,265,"[62.72260546684265, 74.37368035316467, 80.15000224113464, 77.60338187217712, 80.15000224113464]",74.99993443489075,0.6
77,78,NonIID,2404,784,47.94,2.7584712505340576,2758.4712505340576,0.36251963829834866,6162.831858407079,/content/drive/MyDrive/mlaas_weights100_fmnist/client_78_local.npz,2,12,868,341,41,12,16,321,369,422,"[81.7803680896759, 47.940000891685486, 47.940000891685486, 47.940000891685486, 82.9866886138916]",61.71741187572479,0.4
78,79,NonIID,2640,784,74.39,2.7726049423217773,2772.6049423217773,0.3606716502361136,4170.059880239521,/content/drive/MyDrive/mlaas_weights100_fmnist/client_79_local.npz,282,82,331,102,180,318,122,442,90,691,"[74.1287887096405, 74.39000010490417, 74.39000010490417, 82.1212112903595, 83.59848260879517]",77.7256965637207,0.6
79,80,NonIID,1208,784,45.94,2.547661304473877,2547.661304473877,0.39251685388631835,6082.096069868996,/content/drive/MyDrive/mlaas_weights100_fmnist/client_80_local.npz,14,404,0,449,0,55,225,0,61,0,"[45.93999981880188, 78.06291580200195, 45.93999981880188, 45.93999981880188, 83.11258554458618]",59.799100160598755,0.4
80,81,NonIID,1602,784,71.44,2.52610182762146,2526.10182762146,0.39586686057766135,6108.771929824561,/content/drive/MyDrive/mlaas_weights100_fmnist/client_81_local.npz,199,56,97,94,65,329,136,189,107,330,"[70.09987235069275, 79.46317195892334, 82.08489418029785, 82.64669179916382, 71.43999934196472]",77.1469259262085,0.8
81,82,NonIID,1400,784,77.49,2.5943357944488525,2594.3357944488525,0.3854551142298997,6135.68281938326,/content/drive/MyDrive/mlaas_weights100_fmnist/client_82_local.npz,150,160,77,113,115,160,83,231,238,73,"[77.49000191688538, 81.42856955528259, 84.21428799629211, 84.50000286102295, 85.92857122421265]",82.71228671073914,0.8
82,83,NonIID,2580,784,79.17,2.75593638420105,2755.93638420105,0.36285307807999406,4145.238095238095,/content/drive/MyDrive/mlaas_weights100_fmnist/client_83_local.npz,195,173,131,206,681,330,156,118,325,265,"[60.50387620925903, 78.33333611488342, 82.48062133789062, 84.26356315612793, 79.1700005531311]",76.95027947425842,0.8
83,84,NonIID,1336,784,66.66,2.578523874282837,2578.523874282837,0.3878187865443477,6055.652173913043,/content/drive/MyDrive/mlaas_weights100_fmnist/client_84_local.npz,55,118,81,189,277,21,62,300,135,98,"[68.78742575645447, 66.6599988937378, 66.6599988937378, 66.6599988937378, 82.6347291469574]",70.28043031692505,0.4
84,85,NonIID,3452,784,73.68,2.920474052429199,2920.474052429199,0.3424101642567985,5827.615062761506,/content/drive/MyDrive/mlaas_weights100_fmnist/client_85_local.npz,233,53,905,100,133,1101,97,668,46,116,"[73.68000149726868, 77.63615250587463, 79.2004644870758, 73.68000149726868, 73.68000149726868]",75.5753242969513,0.4
85,86,NonIID,3680,784,74.89,2.939474582672119,2939.474582672119,0.34019685215000345,6055.652173913043,/content/drive/MyDrive/mlaas_weights100_fmnist/client_86_local.npz,183,596,74,200,849,535,441,82,85,635,"[57.119566202163696, 74.88999962806702, 74.88999962806702, 82.3097825050354, 74.88999962806702]",72.81986951828003,0.4
86,87,NonIID,1731,784,40.77,2.5367844104766846,2536.7844104766846,0.3941998365608416,6003.448275862069,/content/drive/MyDrive/mlaas_weights100_fmnist/client_87_local.npz,212,39,14,571,406,0,467,1,21,0,"[45.465049147605896, 40.77000021934509, 69.61293816566467, 40.77000021934509, 40.77000021934509]",47.47759759426117,0.4
87,88,NonIID,2314,784,57.43,2.6892545223236084,2689.2545223236084,0.3718502624794196,6029.43722943723,/content/drive/MyDrive/mlaas_weights100_fmnist/client_88_local.npz,100,232,272,287,8,22,537,828,24,4,"[63.569575548172, 57.429999113082886, 57.429999113082886, 57.429999113082886, 77.44165658950806]",62.66024589538574,0.4
88,89,NonIID,2679,784,74.32,2.8068528175354004,2806.8528175354004,0.35627090731393074,6108.771929824561,/content/drive/MyDrive/mlaas_weights100_fmnist/client_89_local.npz,132,131,49,606,121,115,40,203,678,604,"[83.8372528553009, 87.68197298049927, 89.28704857826233, 74.32000041007996, 90.74281454086304]",85.1738178730011,0.8
89,90,NonIID,1983,784,75.04,2.6777141094207764,2677.7141094207764,0.37345286282870305,4507.443365695793,/content/drive/MyDrive/mlaas_weights100_fmnist/client_90_local.npz,125,148,168,154,350,144,364,344,66,120,"[57.034796476364136, 70.146244764328, 72.76853322982788, 73.62582087516785, 77.50882506370544]",70.21684408187866,1.0
90,91,NonIID,3690,784,81.66,2.9456350803375244,2945.6350803375244,0.33948536486244435,6082.096069868996,/content/drive/MyDrive/mlaas_weights100_fmnist/client_91_local.npz,354,337,315,403,278,287,599,139,785,193,"[65.50135612487793, 75.71815848350525, 77.100270986557, 81.66000247001648, 81.66000247001648]",76.32795810699463,0.6
91,92,NonIID,3173,784,78.46,2.875934362411499,2875.934362411499,0.34771308172745996,5926.808510638298,/content/drive/MyDrive/mlaas_weights100_fmnist/client_92_local.npz,779,222,232,727,279,265,76,180,389,24,"[74.15695190429688, 80.01890778541565, 83.1389844417572, 83.61172676086426, 84.58871841430664]",81.10305786132812,1.0
92,93,NonIID,3281,784,79.61,2.844743251800537,2844.743251800537,0.35152557242804433,6108.771929824561,/content/drive/MyDrive/mlaas_weights100_fmnist/client_93_local.npz,539,244,330,186,205,537,182,330,151,577,"[72.569340467453, 79.61000204086304, 79.61000204086304, 82.59676694869995, 84.36452150344849]",79.7501266002655,0.6
93,94,NonIID,1579,784,71.42,2.8970940113067627,2897.0940113067627,0.345173472485603,6162.831858407079,/content/drive/MyDrive/mlaas_weights100_fmnist/client_94_local.npz,204,182,511,62,63,100,129,158,68,102,"[69.7276771068573, 71.42000198364258, 71.42000198364258, 75.93413591384888, 79.98733520507812]",73.69783043861389,0.6
94,95,NonIID,3441,784,57.64,2.936250925064087,2936.250925064087,0.3405703482164672,6082.096069868996,/content/drive/MyDrive/mlaas_weights100_fmnist/client_95_local.npz,15,1323,14,960,3,217,678,10,18,203,"[67.16070771217346, 78.63993048667908, 57.63999819755554, 57.63999819755554, 57.63999819755554]",63.74412655830383,0.4
95,96,NonIID,2377,784,73.2,6.894874334335327,6894.874334335327,0.14503527570040928,3095.1111111111113,/content/drive/MyDrive/mlaas_weights100_fmnist/client_96_local.npz,573,120,367,98,218,55,70,285,210,381,"[75.38914680480957, 73.19999933242798, 79.76440787315369, 73.19999933242798, 73.19999933242798]",74.95071053504944,0.4
96,97,NonIID,1395,784,69.03,2.7974467277526855,2797.4467277526855,0.3574688268696165,5803.333333333333,/content/drive/MyDrive/mlaas_weights100_fmnist/client_97_local.npz,25,353,71,116,144,27,235,33,305,86,"[64.65950012207031, 76.77419185638428, 78.3512532711029, 78.99641394615173, 69.02999877929688]",73.56227159500122,0.8
97,98,NonIID,1073,784,63.51,2.6374690532684326,2637.4690532684326,0.37915136814999567,4566.55737704918,/content/drive/MyDrive/mlaas_weights100_fmnist/client_98_local.npz,60,12,158,89,86,215,152,150,16,135,"[63.510000705718994, 72.22740054130554, 63.510000705718994, 76.14166140556335, 63.510000705718994]",67.77981281280518,0.4
98,99,NonIID,1404,784,73.55,2.687041759490967,2687.041759490967,0.3721564789485966,5876.793248945148,/content/drive/MyDrive/mlaas_weights100_fmnist/client_99_local.npz,215,73,66,291,190,103,60,167,93,146,"[69.30199265480042, 78.56125235557556, 73.54999780654907, 80.55555820465088, 82.05128312110901]",76.80401682853699,0.8
99,100,NonIID,1001,784,74.75,2.673705577850342,2673.705577850342,0.37401275902786557,4325.465838509317,/content/drive/MyDrive/mlaas_weights100_fmnist/client_100_local.npz,150,103,50,98,53,44,77,106,225,95,"[74.75000023841858, 81.31868243217468, 82.21778273582458, 83.11688303947449, 85.01498699188232]",81.28366708755493,0.8
